{"cameraMode":{"drawMode":0,"name":"Shaded","section":"Shading Mode"},"sceneLighting":true,"audioPlay":false,"sceneViewState":{"m_AlwaysRefresh":false,"showFog":true,"showSkybox":true,"showFlares":true,"showImageEffects":true,"showParticleSystems":true,"showVisualEffectGraphs":true,"m_FxEnabled":true},"in2DMode":false,"pivot":{"x":2.1562135219573976,"y":42.32033920288086,"z":366.5069580078125},"rotation":{"x":0.00021339839440770447,"y":0.9997825026512146,"z":0.016188383102416993,"w":-0.013196921907365322},"size":26.293243408203126,"orthographic":false}